{
  "stopwatch": {
    "t10_values": [
      20.34,
      20.3,
      20.29,
      20.3,
      20.31
    ],
    "n": 5,
    "t10_mean": 20.308,
    "t10_sigma_x": 0.019235384061671305,
    "t_factor": 0.51,
    "u_A": 0.009810045871452365,
    "u_B_react": null,
    "u_B_res": 0.002886751345948129,
    "u_t10": 0.010225963687268448,
    "T": 2.0308,
    "u_T": 0.0010225963687268448,
    "f": 0.49241678156391566,
    "u_f": 0.00024795332515630295,
    "omega_d": 3.0939458869310545,
    "u_omega_d": 0.0015579366894884052
  },
  "cassy_main": {
    "A": -61.19775873127925,
    "u_A": 0.22870961097875153,
    "lambda": 0.13163283138656426,
    "u_lambda": 0.0006930470318438585,
    "omega_d": 3.0988442509416636,
    "u_omega_d": 0.0006736923150097932,
    "f": 0.4931963804092675,
    "u_f": 0.00010722146205683088,
    "T": 2.02758990074131,
    "u_T": 0.00044080038346741834,
    "phase": 0.48844008631689484,
    "u_phase": 0.0035300527883526103,
    "offset": -0.7418639558903409,
    "u_offset": 0.040151249557346676,
    "tau": 7.596888933151596,
    "u_tau": 0.03999763030931482,
    "t_release": 5.975,
    "sigma_phi_pre": 0.038388594797495394
  },
  "eye": {
    "n": [
      0,
      1,
      2,
      3,
      4,
      5,
      6,
      7,
      8,
      9,
      10,
      11,
      12,
      13,
      14
    ],
    "A1": [
      15.0,
      11.8,
      9.3,
      7.0,
      5.6,
      4.2,
      3.2,
      2.4,
      1.8,
      1.2,
      0.8,
      0.6,
      0.4,
      0.2,
      0.0
    ],
    "A2": [
      15.0,
      11.6,
      9.2,
      7.2,
      5.4,
      4.2,
      3.1,
      2.4,
      1.8,
      1.3,
      0.8,
      0.6,
      0.4,
      0.1,
      0.0
    ],
    "A_mean": [
      15.0,
      11.7,
      9.25,
      7.1,
      5.5,
      4.2,
      3.1500000000000004,
      2.4,
      1.8,
      1.25,
      0.8,
      0.6,
      0.4,
      0.15000000000000002,
      0.0
    ],
    "u_A": 0.1,
    "slope": -0.25553597218933094,
    "u_slope": 0.0025097733556211643,
    "intercept": 2.7154109402787068,
    "u_intercept": 0.00549275157762096,
    "lambda": 0.1258302009992766,
    "u_lambda": 0.0012374776789057492,
    "tau": 7.947217695422333,
    "u_tau": 0.07815694824763463
  },
  "current_dep": {
    "I": [
      0.2,
      0.3,
      0.4,
      0.5,
      0.6,
      0.7,
      0.8,
      0.9,
      1.0,
      1.1,
      1.2,
      1.3,
      1.4,
      1.5
    ],
    "u_I": [
      0.005887840577551898,
      0.006027713773341708,
      0.00621825270205921,
      0.006454972243679028,
      0.006733003292241385,
      0.007047458170621991,
      0.007393691004272945,
      0.0077674534651540296,
      0.008164965809277261,
      0.008582928793055822,
      0.00901849950564579,
      0.009469248474227861,
      0.009933109617167559,
      0.010408329997330663
    ],
    "lambda": [
      0.05197936297652298,
      0.10068991762007634,
      0.16528028893004537,
      0.24855662091769062,
      0.34652930470085036,
      0.4657454706713425,
      0.6004569405742571,
      0.7931469257352468,
      0.9190609993633145,
      1.111302460660254,
      1.314488086626967,
      1.5223382177908158,
      1.744662533555993,
      2.056237994061462
    ],
    "u_lambda": [
      0.0005301520318763352,
      0.0006319656076531259,
      0.0007573092337581001,
      0.0009241201179161414,
      0.0011503956089371045,
      0.0014763439061320582,
      0.0016217712798463715,
      0.0033862301528973164,
      0.0022774408004446445,
      0.003167251232611156,
      0.0029826297256656032,
      0.004018510905446343,
      0.007060932418605944,
      0.011440158665800618
    ],
    "omega_d": [
      3.11219987899201,
      3.101245774688368,
      3.09494545313635,
      3.0853922815188635,
      3.071036422288507,
      3.0463187188326195,
      3.0108860907580546,
      2.9638407545064327,
      2.9118271517597707,
      2.8349057833806492,
      2.7455735872039013,
      2.651501625299785,
      2.5117944262187892,
      2.376835035587797
    ],
    "u_omega_d": [
      0.000522953139394688,
      0.0006203857665025293,
      0.0007334884620407181,
      0.0008880327447897489,
      0.0010997670945328863,
      0.0014125460021039633,
      0.0016490009320550077,
      0.003454744884481835,
      0.002752411022322402,
      0.0043487824933461355,
      0.004473722081443914,
      0.006926017969825366,
      0.011666056678305762,
      0.01466768859439237
    ],
    "A0": [
      61.35037187222705,
      62.02409342237967,
      60.85978813029812,
      60.28846245783295,
      59.46071743369732,
      57.85900758488416,
      57.95140227954389,
      25.291335735114735,
      56.61251068565068,
      55.877405208225525,
      52.716219783704545,
      54.689208294367404,
      55.005575686344166,
      53.291194062606195
    ],
    "c_quad": 0.9356773491886263,
    "u_c_quad": 0.012542922662234831,
    "c_off": 0.903789325932735,
    "u_c_off": 0.005297693500223886,
    "b_off": 0.01909658634314297,
    "u_b_off": 0.0018965025167274122,
    "omega_0_from_fit": 3.0894377264172133,
    "u_omega_0_from_fit": 0.00595128562050208,
    "omega0sq_intercept": 9.544625465409961,
    "u_omega0sq_intercept": 0.0367722526333268,
    "slope_omega2_lambda2": -1.1063011682717026,
    "u_slope_omega2_lambda2": 0.029317296907756675
  },
  "resonance": {
    "f_signal": [
      4000.0,
      3700.0,
      3400.0,
      3100.0,
      2800.0,
      2500.0,
      2200.0,
      1900.0,
      1800.0,
      1700.0,
      1650.0,
      1600.0,
      1550.0,
      1500.0,
      1400.0,
      1300.0,
      1200.0,
      1150.0,
      1100.0,
      1050.0,
      1000.0,
      950.0,
      900.0,
      850.0,
      800.0,
      750.0,
      700.0,
      650.0,
      600.0,
      550.0,
      500.0
    ],
    "A": [
      0.1,
      0.15,
      0.2,
      0.2,
      0.3,
      0.4,
      0.6,
      1.2,
      1.6,
      2.7,
      4.0,
      6.0,
      6.2,
      4.2,
      2.5,
      1.8,
      1.3,
      1.15,
      1.0,
      0.95,
      0.9,
      0.85,
      0.8,
      0.75,
      0.7,
      0.7,
      0.7,
      0.65,
      0.6,
      0.55,
      0.5
    ],
    "f_drive": [
      1.25,
      1.15625,
      1.0625,
      0.96875,
      0.875,
      0.78125,
      0.6875,
      0.59375,
      0.5625,
      0.53125,
      0.515625,
      0.5,
      0.484375,
      0.46875,
      0.4375,
      0.40625,
      0.375,
      0.359375,
      0.34375,
      0.328125,
      0.3125,
      0.296875,
      0.28125,
      0.265625,
      0.25,
      0.234375,
      0.21875,
      0.203125,
      0.1875,
      0.171875,
      0.15625
    ],
    "omega": [
      7.853981633974483,
      7.264933011426397,
      6.675884388878311,
      6.086835766330224,
      5.497787143782138,
      4.908738521234052,
      4.319689898685965,
      3.730641276137879,
      3.5342917352885173,
      3.3379421944391554,
      3.2397674240144743,
      3.141592653589793,
      3.043417883165112,
      2.945243112740431,
      2.748893571891069,
      2.552544031041707,
      2.356194490192345,
      2.2580197197676637,
      2.1598449493429825,
      2.061670178918302,
      1.9634954084936207,
      1.8653206380689396,
      1.7671458676442586,
      1.6689710972195777,
      1.5707963267948966,
      1.4726215563702154,
      1.3744467859455345,
      1.2762720155208536,
      1.1780972450961724,
      1.0799224746714913,
      0.9817477042468103
    ],
    "u_omega": 0.0005668123013231932,
    "u_A": 0.1,
    "M_over_theta": 5.027260173669448,
    "u_M_over_theta": 0.0613212644005168,
    "omega_0": 3.0914967217482863,
    "u_omega_0": 0.00197541148089478,
    "lambda": 0.12489446961187997,
    "u_lambda": 0.0022894949107680777,
    "omega_R": 3.086446941630641,
    "u_omega_R": 0.001987300363613135,
    "A_max": 6.515444727782614,
    "delta_omega": 0.1250390923730582,
    "tau": 8.006759651628961,
    "u_tau": 0.14677539791084557,
    "product_tau_delta_omega": 1.001157959688909
  }
}